type,element_id,text,filetype,languages,page_number,filename,parent_id,text_as_html
Image,8143563287fe6edc04a879fc3f5a3ec2,FAKULTA EKONOMICKÁ > ZÁPADOČESKÉ UNIVERZITY V PLZNI,application/pdf,['ces'],1,FEK-Vyhl_6DV_2023_Prijimani_Bc_FEK-2024_FINAL_podpisy.pdf,,
NarrativeText,31f517059a4050226b62ee396554eb7b,"Plzeň, 29. listopadu 2023",application/pdf,['ces'],1,FEK-Vyhl_6DV_2023_Prijimani_Bc_FEK-2024_FINAL_podpisy.pdf,,
NarrativeText,f49d1a4881ec90bfbe4e1e2019d77003,Č.j.: ZCU 022326/2023,application/pdf,['ces'],1,FEK-Vyhl_6DV_2023_Prijimani_Bc_FEK-2024_FINAL_podpisy.pdf,,
Title,4079bb73ec975faede392b0c0c1e7435,Vyhláška č. 6DV/2023 děkanky FEK ZČU,application/pdf,['ces'],1,FEK-Vyhl_6DV_2023_Prijimani_Bc_FEK-2024_FINAL_podpisy.pdf,,
NarrativeText,3d1f6c88762f387b68c6859082f575c4,"Přijímání ke studiu do BAKALÁŘSKÝCH studijních programů na Fakultě ekonomické ZČU pro akademický rok 2024/2025 podle §48 a násl. zákona č. 111/1998 Sb., o vysokých školách a o změně a doplnění dalších zákonů",application/pdf,['ces'],1,FEK-Vyhl_6DV_2023_Prijimani_Bc_FEK-2024_FINAL_podpisy.pdf,4079bb73ec975faede392b0c0c1e7435,
Title,e40c7368cb90e1d9066c9664263112ae,čl. 1 – Termíny k přijímacímu řízení,application/pdf,['ces'],1,FEK-Vyhl_6DV_2023_Prijimani_Bc_FEK-2024_FINAL_podpisy.pdf,,
NarrativeText,59674d6c0528178ec684f5e67a4ce0d8,1. Děkanka Fakulty ekonomické ZČU v souvislosti s přijímacím řízením stanoví tyto termíny:,application/pdf,['ces'],1,FEK-Vyhl_6DV_2023_Prijimani_Bc_FEK-2024_FINAL_podpisy.pdf,e40c7368cb90e1d9066c9664263112ae,
Table,6f5290800f4b8d5b3b833650bd1f9316,"Dny otevřených dveří 29. 1. 2024 - Cheb 30. 1. 2024 – Plzeň Termín podání přihlášky ke studiu od 15. 12. 2023 do 30. 4. 2024 Termín pro zaplacení administrativního poplatku za přijímací řízení do 30. 4. 2024 Termín pro nahrání katalogových listů nebo vysvědčení ze střední školy (3. ročník a 1. pololetí 4. ročníku) a případných dalších dokumentů podle čl. 5 do 30. 4. 2024 Termíny přijímací zkoušky Přijímací zkouška se nekoná. Termín pro zaslání dokumentů k Posouzení zahraničního středoškolského vzdělání pro účely přijímacího řízení na FEK (dle čl. 6a) do 10. 6. 2024 Termín pro nahrání skenu maturitního vysvědčení dle čl. 6 10. 6. 2024 Termín pro ověření podmínek pro přijetí 17. 6. 2024 Zápis přijatých uchazečů do 1. ročníku V termínech sdělených fakultou. Přihláška a nahrávání dokumentů Průběžné sledování stavu přihlášky E-mail pro dotazy k přijímacímu řízení https://eprihlaska.zcu.cz https://zcu.cz/study/applicants/prijimaci-rizeni Pro zjištění informací je potřebné univerzitního číslo uchazeče, které uchazeč získá při podání elektronické přihlášky fek@service.zcu.cz",application/pdf,['ces'],1,FEK-Vyhl_6DV_2023_Prijimani_Bc_FEK-2024_FINAL_podpisy.pdf,e40c7368cb90e1d9066c9664263112ae,"<table><thead><th>Dny otevřených dveří</th><th>29. 1. 2024 - Cheb 30. 1. 2024 — Plzeň</th></thead><tr><td>Termín podání přihlášky ke studiu</td><td>od 15. 12. 2023 do 30. 4. 2024</td></tr><tr><td>Termín pro zaplacení administrativního ttt naní Šívaní poplatku za přijímací řízení</td><td>do 30. 4. 2024</td></tr><tr><td>Termín pro nahrání katalogových listů nebo ědčení ze střední školy (3. ročník a 1. vysvědčení ze střední školy (3. ročník a pololetí 4. ročníku) a případných dalších dokumentů podle čl. 5</td><td>do 30. 4. 2024</td></tr><tr><td>Termíny přijímací zkoušky</td><td>Přijímací zkouška se nekoná.</td></tr><tr><td>Termín pro zaslání dokumentů k Posouzení zahraničního středoškolského vzdělání pro účely přijímacího řízení na FEK (dle čl. 6a)</td><td>do 10. 6. 2024</td></tr><tr><td>Termín nahrání skenu maturitního</td><td></td></tr><tr><td>pro vysvědčení dle čl. 6</td><td>10. 6. 2024</td></tr><tr><td>Termín pro ověření podmínek pro přijetí</td><td>17. 6. 2024</td></tr><tr><td>Zápis přijatých uchazečů do 1. ročníku</td><td>V termínech sdělených fakultou.</td></tr><tr><td>Přihláška a nahrávání dokumentů</td><td>https://eprihlaska.zcu.cz</td></tr><tr><td>Průběžné sledování stavu přihlášky</td><td>https://zcu.cz/study/applicants/prijimaci-rizeni Pro zjištění informací je potřebné univerzitního číslo uchazeče, které uchazeč získá při podání elektronické přihlášky</td></tr><tr><td>E-mail pro dotazy k přijímacímu řízení</td><td>fek(dservice.zcu.cz</td></tr></table>"
UncategorizedText,6b86b273ff34fce19d6b804eff5a3f57,1,application/pdf,['ces'],1,FEK-Vyhl_6DV_2023_Prijimani_Bc_FEK-2024_FINAL_podpisy.pdf,e40c7368cb90e1d9066c9664263112ae,
Title,3dfdd286971a046439ccb31217dc6f02,čl. 2 – Studijní programy,application/pdf,['ces'],2,FEK-Vyhl_6DV_2023_Prijimani_Bc_FEK-2024_FINAL_podpisy.pdf,,
ListItem,8cc7b83b643bbdc32efe70d8f245c700,1. Fakulta ekonomická ZČU (dále jen FEK) organizuje výuku na dvou místech (Plzeň a Cheb). V akademickém roce 2024/2025 přijímá ke studiu do následujících bakalářských studijních programů:,application/pdf,['ces'],2,FEK-Vyhl_6DV_2023_Prijimani_Bc_FEK-2024_FINAL_podpisy.pdf,3dfdd286971a046439ccb31217dc6f02,
Table,448c2070e0bf09b86fd251cf2925f5b8,Bakalářský studijní program Forma studia Standardní doba studia Místo studia Podniková ekonomika a management Prezenční 3 roky Plzeň Podniková ekonomika a management Kombinovaná 3 roky Plzeň Marketingové řízení Prezenční 3 roky Plzeň Projektové řízení Prezenční 3 roky Plzeň Informační management Prezenční 3 roky Plzeň Ekonomická a regionální geografie Prezenční 3 roky Plzeň Marketingové řízení Prezenční 3 roky Cheb Podniková ekonomika a management Prezenční 3 roky Cheb Podniková ekonomika a management Kombinovaná 3 roky Cheb,application/pdf,['ces'],2,FEK-Vyhl_6DV_2023_Prijimani_Bc_FEK-2024_FINAL_podpisy.pdf,3dfdd286971a046439ccb31217dc6f02,<table><thead><th>Bakalářský studijní program</th><th>Forma studia</th><th>Š;Ž';d;;lg;;</th><th>ŽŽŠZZI</th></thead><tr><td>Podniková ekonomika a management</td><td>Prezenční</td><td>3 roky</td><td>Plzeň</td></tr><tr><td>Podniková ekonomika a management</td><td>Kombinovaná</td><td>| 3 roky</td><td>Plzeň</td></tr><tr><td>Marketingové řízení</td><td>Prezenční</td><td>3 roky</td><td>Plzeň</td></tr><tr><td>Projektové řízení</td><td>Prezenční</td><td>3 roky</td><td>Plzeň</td></tr><tr><td>Informační management</td><td>Prezenční</td><td>3 roky</td><td>Plzeň</td></tr><tr><td>Ekonomická a regionální geografie</td><td>Prezenční</td><td>3 roky</td><td>Plzeň</td></tr><tr><td>Marketingové řízení</td><td>Prezenční</td><td>3 roky</td><td>Cheb</td></tr><tr><td>Podniková ekonomika a management</td><td>Prezenční</td><td>3 roky</td><td>Cheb</td></tr><tr><td>Podniková ekonomika a management</td><td>Kombinovaná</td><td>| 3 roky</td><td>Cheb</td></tr></table>
Title,db8ca444994072b56778a8cac43155b4,čl. 3 – Přihláška ke studiu,application/pdf,['ces'],2,FEK-Vyhl_6DV_2023_Prijimani_Bc_FEK-2024_FINAL_podpisy.pdf,,
ListItem,5cef4b6973fa5898ff92f43c4cb6a8c4,1. Přihlášku ke studiu uchazeč vyplní v elektronické formě na www stránce https://eprihlaska.zcu.cz do 30. 4. 2024.,application/pdf,['ces'],2,FEK-Vyhl_6DV_2023_Prijimani_Bc_FEK-2024_FINAL_podpisy.pdf,db8ca444994072b56778a8cac43155b4,
ListItem,7cec74b23852bb019291ce9ffbb7f3b2,2. Uchazeč může podat více přihlášek na různé bakalářské studijní programy FEK a na různá místa studia (Plzeň a Cheb). V rámci studijního programu Podniková ekonomika a management může uchazeč podat přihlášku do prezenční nebo kombinované formy studia.,application/pdf,['ces'],2,FEK-Vyhl_6DV_2023_Prijimani_Bc_FEK-2024_FINAL_podpisy.pdf,db8ca444994072b56778a8cac43155b4,
ListItem,1737bed060528dfaa464065658aa5ba6,"3. Uchazeč, který podá na FEK více přihlášek, zadá do každé přihlášky prioritu v rozmezí hodnot 1 až max. 4. Priorita udává pořadí, v jakém má uchazeč zájem o studium programů se zohledněním místa studia (Plzeň, Cheb). Uchazeč nesmí na stejné fakultě zadat do více přihlášek stejnou prioritu.",application/pdf,['ces'],2,FEK-Vyhl_6DV_2023_Prijimani_Bc_FEK-2024_FINAL_podpisy.pdf,db8ca444994072b56778a8cac43155b4,
ListItem,339ecef7cbccb6a8e9632f6c3df834fa,"je oprávněna vyzvat uchazeče k doložení údajů uvedených v přihlášce, k jejich opravě anebo doplnění. Uchazeč je při opravě, doplnění a doložení údajů uvedených v přihlášce povinen respektovat lhůty stanovené fakultou.",application/pdf,['ces'],2,FEK-Vyhl_6DV_2023_Prijimani_Bc_FEK-2024_FINAL_podpisy.pdf,db8ca444994072b56778a8cac43155b4,
Title,20bc7815d1d1719d9871afb35d0b5288,čl. 4 – Administrativní poplatek za přijímací řízení,application/pdf,['ces'],2,FEK-Vyhl_6DV_2023_Prijimani_Bc_FEK-2024_FINAL_podpisy.pdf,,
ListItem,5f655a0d0b557619dbd6a97619cfc342,"1. Nutnou podmínkou pro přijetí a registraci přihlášky je úhrada administrativního poplatku, který činí 600,- Kč za každou přihlášku na studijní program. K úhradě této částky uchazeč použije bezhotovostní převod z účtu, platbu kartou (platební brána systému eprihlaska.zcu.cz) nebo platbu v hotovosti na přepážce Komerční banky. Poštovní poukázku nelze pro platbu použít.",application/pdf,['ces'],2,FEK-Vyhl_6DV_2023_Prijimani_Bc_FEK-2024_FINAL_podpisy.pdf,20bc7815d1d1719d9871afb35d0b5288,
ListItem,af4f212c842fcdce1be31587a0ae6679,2. Číslo účtu a další údaje pro zaplacení poplatku jsou uchazeči vygenerovány při podání elektronické přihlášky.,application/pdf,['ces'],2,FEK-Vyhl_6DV_2023_Prijimani_Bc_FEK-2024_FINAL_podpisy.pdf,20bc7815d1d1719d9871afb35d0b5288,
Footer,2bc3a196f2f6fcd6cf5bcd13df7689e4,2,application/pdf,['ces'],2,FEK-Vyhl_6DV_2023_Prijimani_Bc_FEK-2024_FINAL_podpisy.pdf,,
NarrativeText,f9c05e38d9776f242c98205efe7fd1e2,"Výše poplatku: Způsob platby: 600,- Kč platební kartou, formou bankovního převodu nebo vkladu na bankovní účet ZČU KB Plzeň-město 4811530257/0100 Banka: Účet: Variabilní symbol: 5175 0001 24 Specifický symbol: bude uchazeči přidělen po vyplnění elektronické přihlášky",application/pdf,['ces'],3,FEK-Vyhl_6DV_2023_Prijimani_Bc_FEK-2024_FINAL_podpisy.pdf,,
ListItem,10e049cbc7613c967836cde08719eb9b,"3. Pokud nebude s podáním přihlášky uhrazen administrativní poplatek za přijímací řízení, bude na tuto skutečnost uchazeč upozorněn prostřednictvím kontaktního e-mailu, který uvede v přihlášce. V případě, že nebude administrativní poplatek za přijímací řízení uhrazen, bude přijímací řízení zastaveno.",application/pdf,['ces'],3,FEK-Vyhl_6DV_2023_Prijimani_Bc_FEK-2024_FINAL_podpisy.pdf,,
Title,a52ad7af086c5166c3dd270e6ec7234a,čl. 5 – Přijímání ke studiu,application/pdf,['ces'],3,FEK-Vyhl_6DV_2023_Prijimani_Bc_FEK-2024_FINAL_podpisy.pdf,,
ListItem,bd5599ceb9a0ba45921c60bb259b6e99,"1. Uchazeči jsou přijímáni bez přijímací zkoušky, pokud splní minimální hodnotu celkového počtu přidělených bodů (CB) uvedenou níže.",application/pdf,['ces'],3,FEK-Vyhl_6DV_2023_Prijimani_Bc_FEK-2024_FINAL_podpisy.pdf,a52ad7af086c5166c3dd270e6ec7234a,
ListItem,93b012e4761963750524c6bef9dd742a,2. Uchazeči budou pro každý studijní program seřazeni podle celkového počtu přidělených bodů v pořadí od nejlepšího (uchazeč s nejvyšším počtem bodů) a přijímáni podle tohoto pořadí až do naplnění volné kapacity (§ 49 odst. 1 zákona č. 111/1998 Sb.).,application/pdf,['ces'],3,FEK-Vyhl_6DV_2023_Prijimani_Bc_FEK-2024_FINAL_podpisy.pdf,a52ad7af086c5166c3dd270e6ec7234a,
NarrativeText,f92457a19cc309eccbd0030caec24f77,Uchazečům budou body přiděleny podle vzorce:,application/pdf,['ces'],3,FEK-Vyhl_6DV_2023_Prijimani_Bc_FEK-2024_FINAL_podpisy.pdf,a52ad7af086c5166c3dd270e6ec7234a,
NarrativeText,4669a9f8eff2ffff8e4bf65103bc97e9,CB = P + Scio + CJ + OS,application/pdf,['ces'],3,FEK-Vyhl_6DV_2023_Prijimani_Bc_FEK-2024_FINAL_podpisy.pdf,a52ad7af086c5166c3dd270e6ec7234a,
NarrativeText,886749f73b66f224ab3fbc3be1c226d4,Označení použitá v uvedeném vzorci mají následující význam:,application/pdf,['ces'],3,FEK-Vyhl_6DV_2023_Prijimani_Bc_FEK-2024_FINAL_podpisy.pdf,a52ad7af086c5166c3dd270e6ec7234a,
Title,bf7b0ead279760f89777a5c878581717,CB,application/pdf,['ces'],3,FEK-Vyhl_6DV_2023_Prijimani_Bc_FEK-2024_FINAL_podpisy.pdf,,
Title,dde8c59f77ccf69afc74a4e80d00e8ce,celkový počet přidělených bodů,application/pdf,['ces'],3,FEK-Vyhl_6DV_2023_Prijimani_Bc_FEK-2024_FINAL_podpisy.pdf,,
Title,21d4985784bf926e1b55ee7a77252048,P body za průměrný prospěch,application/pdf,['ces'],3,FEK-Vyhl_6DV_2023_Prijimani_Bc_FEK-2024_FINAL_podpisy.pdf,,
NarrativeText,3a05fce7e97230491a4e80578a79db26,"Tyto body se přidělí podle vzorce: P = (5 - ) x 10, kde je aritmetický průměr z průměrných prospěchů uchazeče (průměr z průměrů) v prvním a druhém pololetí předposledního ročníku studia a v prvním pololetí posledního ročníku studia na střední škole. Do průměru se nezapočítává známka z chování. Výpočet aritmetického průměru () je realizován s přesností na dvě desetinná místa.",application/pdf,['ces'],3,FEK-Vyhl_6DV_2023_Prijimani_Bc_FEK-2024_FINAL_podpisy.pdf,21d4985784bf926e1b55ee7a77252048,
Title,e0fe6b36f94def74905d1ca7ee0afbcd,Scio body za Národní srovnávací zkoušky Scio,application/pdf,['ces'],3,FEK-Vyhl_6DV_2023_Prijimani_Bc_FEK-2024_FINAL_podpisy.pdf,,
NarrativeText,03756535341d2214f3faaa294f59e5ec,"Uchazeč se může v termínech 1. 12. 2023 až 25. 5. 2024 volitelně účastnit Národních srovnávacích zkoušek Scio z matematiky, angličtiny, němčiny nebo testu obecných studijních předpokladů nebo jeho slovenské verze (test všeobecných študijných predpokladov). Za každou Národní srovnávací zkoušku, ve které uchazeč získá percentil minimálně 50, je uchazeči připočteno 5 bodů a 3 body pokud získá percentil 25-49 %. V případě opakování stejného typu Národní srovnávací zkoušky se započítává pouze nejlepší dosažený výsledek. Uchazeč se na Národní srovnávací zkoušky hlásí sám u společnosti Scio, které udělí souhlas se zasláním jeho výsledku na fakultu. Informace o Národní srovnávací zkoušce Scio jsou dostupné na adrese: https://www.scio.cz/nsz/. Maximální počet takto přidělených bodů je 15.",application/pdf,['ces'],3,FEK-Vyhl_6DV_2023_Prijimani_Bc_FEK-2024_FINAL_podpisy.pdf,e0fe6b36f94def74905d1ca7ee0afbcd,
NarrativeText,18b84e9f4cfb50d39488b0a8f7aed3fe,body za doložení znalosti cizího jazyka (angličtiny nebo němčiny) minimálně na úrovni B2 Společného evropského referenčního rámce pro jazyky,application/pdf,['ces'],3,FEK-Vyhl_6DV_2023_Prijimani_Bc_FEK-2024_FINAL_podpisy.pdf,e0fe6b36f94def74905d1ca7ee0afbcd,
Title,ae251a0c96af0f274b6f9715025e06db,CJ,application/pdf,['ces'],3,FEK-Vyhl_6DV_2023_Prijimani_Bc_FEK-2024_FINAL_podpisy.pdf,,
NarrativeText,526f03438cc19e901c8430a7278ec425,"Uchazeč získá 5 bodů za každý uvedený cizí jazyk (angličtinu a/nebo němčinu), pokud doloží sken dokladu o absolvování příslušné standardizované jazykové zkoušky na úrovni B2 a vyšší Společného evropského referenčního rámce pro",application/pdf,['ces'],3,FEK-Vyhl_6DV_2023_Prijimani_Bc_FEK-2024_FINAL_podpisy.pdf,ae251a0c96af0f274b6f9715025e06db,
Footer,e825fc8e0c60d2272f37e6152fc8f293,3,application/pdf,['ces'],3,FEK-Vyhl_6DV_2023_Prijimani_Bc_FEK-2024_FINAL_podpisy.pdf,,
NarrativeText,674b0b89ad3f631f45a55a86f06f927b,"jazyky (SERR/CEF). Uznávány jsou všechny zkoušky uvedené v dokumentu: Informace MŠMT o standardizovaných jazykových zkouškách, kterými lze v roce 2024 nahradit jednu povinnou a jednu nepovinnou zkoušku z cizího jazyka v profilové části maturitní zkoušky podle § 81 odst. 7 školského zákona (https://www.msmt.cz/file/61041/). Maximální počet takto přidělených bodů je 10.",application/pdf,['ces'],4,FEK-Vyhl_6DV_2023_Prijimani_Bc_FEK-2024_FINAL_podpisy.pdf,,
ListItem,9c60c624b53ba7196e2e56459cc4bdb2,"body za účast v krajském a vyšším kole olympiád a soutěží (včetně Středoškolské odborné činnosti) z předmětů matematika, logika, statistika, informatika, geografie/zeměpis, ekonomie a řízení, mezi bonifikované aktivity se počítá také Ekonomická olympiáda (www.ekonomickaolympiada.cz) a soutěž Ekonomický tým zaštítěná Asociací obchodních akademií.",application/pdf,['ces'],4,FEK-Vyhl_6DV_2023_Prijimani_Bc_FEK-2024_FINAL_podpisy.pdf,,
NarrativeText,0769540c83d64f2d4294af7cadd9c52e,"Uchazeč získá 5 bodů za účast v krajském a 10 bodů v národním a vyšším kole olympiády, soutěže nebo Středoškolské odborné činnosti z uvedených předmětů bez ohledu na to, kolika olympiád a soutěží se zúčastnil. Účast je nutné doložit skenem dokladu o účasti v krajském nebo vyšším kole, případně jiným odpovídajícím způsobem, např. potvrzením střední školy doplněné výsledkovou listinou. Maximální počet takto přidělených bodů je 15.",application/pdf,['ces'],4,FEK-Vyhl_6DV_2023_Prijimani_Bc_FEK-2024_FINAL_podpisy.pdf,,
ListItem,aab3ce09d9024dac97a706edf287d2bd,3. Minimální hodnota CB pro přijetí podle odst. 2 je 25 bodů.,application/pdf,['ces'],4,FEK-Vyhl_6DV_2023_Prijimani_Bc_FEK-2024_FINAL_podpisy.pdf,,
ListItem,697aab75bc554c9691fde9169f3f7ae5,"4. Do zvoleného studijního programu jsou automaticky přijati všichni uchazeči, kteří dosáhli minimálně 35 bodů. Těmto uchazečům fakulta garantuje přijetí na zvolený studijní program.",application/pdf,['ces'],4,FEK-Vyhl_6DV_2023_Prijimani_Bc_FEK-2024_FINAL_podpisy.pdf,,
ListItem,ee5a4df497b513bda51d946e7c314faa,"ZČU (https://eprihlaska.zcu.cz) do 30. 4. 2024 skeny katalogových listů nebo vysvědčení z předposledního a posledního ročníku střední školy (místo vysvědčení z prvního pololetí posledního ročníku střední školy ve školním roce 2023/2024 je možné zaslat výpis z vysvědčení), preferujeme katalogové listy. K vysvědčením v cizím jazyce (mimo slovenštinu a angličtinu) je nutné přiložit jejich úředně ověřený překlad do českého nebo anglického jazyka. Pro získání bodů za aktivity uvedené v odstavci 2, je povinen do 30. 4. 2024 nahrát v systému E-Přihláška ZČU (https://eprihlaska.zcu.cz) také skeny dokladů potvrzujících skutečnosti pro jejich získání. Veškeré soubory je nutné vkládat ve formátu pdf (Portable Document Format). Nesplněním povinností uvedených v tomto odstavci se uchazeč vystavuje riziku neúspěchu v přijímacím řízení.",application/pdf,['ces'],4,FEK-Vyhl_6DV_2023_Prijimani_Bc_FEK-2024_FINAL_podpisy.pdf,,
Title,252e19f8cc6bc382dba791c69714d3cc,čl. 6 – Podmínky pro přijetí ke studiu,application/pdf,['ces'],4,FEK-Vyhl_6DV_2023_Prijimani_Bc_FEK-2024_FINAL_podpisy.pdf,,
ListItem,50d1997bc40f96b21341f2ac27d316a8,1. Podmínkou pro přijetí ke studiu v bakalářském studijním programu je dosažení úplného středního nebo úplného středního odborného vzdělání (§ 48 odst. 1 zákona č. 111/1998 Sb.). Sken maturitního vysvědčení musí uchazeč nahrát v systému E-Přihláška ZČU (https://eprihlaska.zcu.cz) do 10. 6. 2024.,application/pdf,['ces'],4,FEK-Vyhl_6DV_2023_Prijimani_Bc_FEK-2024_FINAL_podpisy.pdf,252e19f8cc6bc382dba791c69714d3cc,
ListItem,d4ca839dc79d16900de60990c8ffb810,"2. Uchazeč, který je cizincem a absolvoval střední školu v zahraničí (s výjimkou Slovenské republiky), doloží znalost českého jazyka jedním z následujících způsobů:",application/pdf,['ces'],4,FEK-Vyhl_6DV_2023_Prijimani_Bc_FEK-2024_FINAL_podpisy.pdf,252e19f8cc6bc382dba791c69714d3cc,
ListItem,f3367bade12a638ff3aea8368d0329d6,a) sken dokladu o absolvování mezinárodní certifikované zkoušky z českého jazyka pro cizince „CCE“ (Czech Language Certificate Exam) dokládající znalost českého jazyka minimálně v úrovni B2 Společného evropského referenčního rámce pro jazyky. Informace o mezinárodní certifikované zkoušce CCE z českého jazyka pro cizince jsou dostupné zde: https://ujop.cuni.cz/UJOPEN-70.html?ujopcmsid=12:czech-language- certificate-exam-cce;,application/pdf,['ces'],4,FEK-Vyhl_6DV_2023_Prijimani_Bc_FEK-2024_FINAL_podpisy.pdf,252e19f8cc6bc382dba791c69714d3cc,
UncategorizedText,4b227777d4dd1fc61c6f884f48641d02,4,application/pdf,['ces'],4,FEK-Vyhl_6DV_2023_Prijimani_Bc_FEK-2024_FINAL_podpisy.pdf,252e19f8cc6bc382dba791c69714d3cc,
ListItem,fd8f247d2e0ca7579ef130dee7bd9637,"b) sken dokladu o absolvování zkoušky z českého jazyka pro cizince na Ústavu jazykové přípravy Západočeské univerzity v Plzni, dokládající znalost českého jazyka minimálně v úrovni B2 Společného evropského referenčního rámce pro jazyky. Informace o zkoušce z českého jazyka pro cizince na webových stránkách Ústavu v Plzni: jazykové https://www.ujp.zcu.cz/en/Public/zkousky_z_cj/;",application/pdf,['ces'],5,FEK-Vyhl_6DV_2023_Prijimani_Bc_FEK-2024_FINAL_podpisy.pdf,252e19f8cc6bc382dba791c69714d3cc,
ListItem,4a6eb5c8df76b09151d28d631cbb0894,"c) sken dokladu o absolvování zkoušky z českého jazyka pro cizince dokládající znalost českého jazyka minimálně v úrovni B2 Společného evropského referenčního rámce pro jazyky, kterou realizovala jazyková škola s právem státní jazykové zkoušky zapsaná v rejstříku škol a školských zařízení (https://rejstriky.msmt.cz/rejskol/) nebo česká veřejná nebo státní vysoká škola;",application/pdf,['ces'],5,FEK-Vyhl_6DV_2023_Prijimani_Bc_FEK-2024_FINAL_podpisy.pdf,252e19f8cc6bc382dba791c69714d3cc,
ListItem,b7133a6a023cf14ae1fd5f88c62bb082,d) sken maturitního vysvědčení dokládající absolvování maturitní zkoušky z českého jazyka;,application/pdf,['ces'],5,FEK-Vyhl_6DV_2023_Prijimani_Bc_FEK-2024_FINAL_podpisy.pdf,252e19f8cc6bc382dba791c69714d3cc,
ListItem,410ecacf8d5dd7e6b4b8623cf54af697,"e) sken dokladu o aktivním získání alespoň 60 kreditů (typicky průběh studia, diplom) ve studijním programu realizovaném v českém jazyce na vysoké škole, která smí uskutečňovat vzdělávací činnost v České republice.",application/pdf,['ces'],5,FEK-Vyhl_6DV_2023_Prijimani_Bc_FEK-2024_FINAL_podpisy.pdf,252e19f8cc6bc382dba791c69714d3cc,
ListItem,69d15b3b2910e465ff0f5b5e8586858f,"3. Uchazeč, který absolvoval střední školu v zahraničí, musí nahrát v systému E-Přihláška ZČU (https://eprihlaska.zcu.cz) do 10. 6. 2024 sken dokladu o uznání zahraničního středoškolského vzdělání v ČR (nostrifikaci), pokud mezinárodní smlouva, kterou je Česká republika vázána, nestanoví jinak. Uchazeč může také využít postupu dle čl. 6a.",application/pdf,['ces'],5,FEK-Vyhl_6DV_2023_Prijimani_Bc_FEK-2024_FINAL_podpisy.pdf,252e19f8cc6bc382dba791c69714d3cc,
Title,d85ef6a0b332c68402f443e1488f0d58,čl. 6a – Posouzení zahraničního středoškolského vzdělání pro účely přijímacího řízení na FEK,application/pdf,['ces'],5,FEK-Vyhl_6DV_2023_Prijimani_Bc_FEK-2024_FINAL_podpisy.pdf,,
ListItem,8d91415839e387fed0ead598836bcbf0,"1. Pro účely posouzení zahraničního středoškolského vzdělání uchazeč doručí (Západočeská univerzita v Plzni, Fakulta ekonomická, Studijní oddělení, Univerzitní 22, 306 14 Plzeň) do 10. 6. 2024 tyto dokumenty:",application/pdf,['ces'],5,FEK-Vyhl_6DV_2023_Prijimani_Bc_FEK-2024_FINAL_podpisy.pdf,d85ef6a0b332c68402f443e1488f0d58,
ListItem,ba14871cf4b8534e0f5b317a7e7cd712,"jenž získal absolvováním studia ve středoškolském studijním programu na zahraniční střední škole. Tento doklad bude předložen v původním jazyce a zároveň v úředním překladu do českého nebo anglického jazyka. V případě, že na tomto dokladu není uvedeno, že je v uvedeném cizím státě oprávněn se ucházet o přijetí ke studiu v daném typu studijního programu, doloží také",application/pdf,['ces'],5,FEK-Vyhl_6DV_2023_Prijimani_Bc_FEK-2024_FINAL_podpisy.pdf,d85ef6a0b332c68402f443e1488f0d58,
ListItem,9d1bb0e0c0b21ee93dff25da337a0022,"b) Potvrzení příslušného zahraničního orgánu, z něhož je zřejmé, že uchazeč je v uvedeném cizím státě oprávněn se ucházet o přijetí ke studiu v daném typu studijního programu. Pro účely tohoto potvrzení je vhodné použít formulář uvedený jako příloha č. 1 této vyhlášky, který je vícejazyčný a není třeba jej úředně překládat do českého jazyka.",application/pdf,['ces'],5,FEK-Vyhl_6DV_2023_Prijimani_Bc_FEK-2024_FINAL_podpisy.pdf,d85ef6a0b332c68402f443e1488f0d58,
ListItem,2c3416d94719fbae5befe976c8bf11b0,"2. Fakulta může dále požadovat doplňující informace o obsahu, rozsahu a délce trvání zahraničního středoškolského studia.",application/pdf,['ces'],5,FEK-Vyhl_6DV_2023_Prijimani_Bc_FEK-2024_FINAL_podpisy.pdf,d85ef6a0b332c68402f443e1488f0d58,
ListItem,55beb32d9c0358b1e73bbe3ff95cc930,3. Fakulta následně posoudí zahraniční středoškolské vzdělání uchazeče.,application/pdf,['ces'],5,FEK-Vyhl_6DV_2023_Prijimani_Bc_FEK-2024_FINAL_podpisy.pdf,d85ef6a0b332c68402f443e1488f0d58,
ListItem,8a6904396afee6af1b8eee0406375bc3,"4. Pokud existuje důvodná pochybnost o dostatečné úrovni, rozsahu nebo obsahu předchozího zahraničního vzdělání uchazeče doloženého zahraničním dokladem, vyzve fakulta uchazeče k prokázání zahraničního středoškolského vzdělání dokladem o obecném uznání rovnocennosti nebo platnosti zahraničního dokladu o dosažení středoškolského vzdělání v České republice získaným podle zákona č. 561/2004 Sb., o předškolním, základním, středním, vyšším odborném a jiném vzdělávání, nebo podle dřívějších právních předpisů a určí mu k tomu přiměřenou lhůtu.",application/pdf,['ces'],5,FEK-Vyhl_6DV_2023_Prijimani_Bc_FEK-2024_FINAL_podpisy.pdf,d85ef6a0b332c68402f443e1488f0d58,
UncategorizedText,ef2d127de37b942baad06145e54b0c61,5,application/pdf,['ces'],5,FEK-Vyhl_6DV_2023_Prijimani_Bc_FEK-2024_FINAL_podpisy.pdf,d85ef6a0b332c68402f443e1488f0d58,
ListItem,bb1f2280a9be918b761b51d94789f07c,5. Poplatek za úkony spojené s posouzením splnění podmínky pro přijetí ke studiu podle § 48 odst. 7 zákona (posouzení předchozího zahraničního vzdělání pro účely přijímacího řízení) je stanoven na 500 Kč. Platební údaje budou uchazeči sděleny e-mailem.,application/pdf,['ces'],6,FEK-Vyhl_6DV_2023_Prijimani_Bc_FEK-2024_FINAL_podpisy.pdf,d85ef6a0b332c68402f443e1488f0d58,
Title,b06a9a6e4f27fedbfa56d096310669d3,čl. 7 – Přijímání uchazečů se státním občanstvím jiného státu,application/pdf,['ces'],6,FEK-Vyhl_6DV_2023_Prijimani_Bc_FEK-2024_FINAL_podpisy.pdf,,
ListItem,320d23728591dce811babff2bb8b56bc,1. Uchazeči o studium se státním občanstvím jiného státu než ČR jsou přijímáni ke studiu za stejných podmínek a ve stejných termínech jako uchazeči se státním občanstvím ČR.,application/pdf,['ces'],6,FEK-Vyhl_6DV_2023_Prijimani_Bc_FEK-2024_FINAL_podpisy.pdf,b06a9a6e4f27fedbfa56d096310669d3,
Title,9c5c6814df7e32ccd723407cb6be8d68,čl. 8 – Předpokládaný počet přijímaných uchazečů,application/pdf,['ces'],6,FEK-Vyhl_6DV_2023_Prijimani_Bc_FEK-2024_FINAL_podpisy.pdf,,
ListItem,977772fae991236604a580ee4bad5376,1. Předpokládaný počet přijímaných uchazečů na FEK je následující:,application/pdf,['ces'],6,FEK-Vyhl_6DV_2023_Prijimani_Bc_FEK-2024_FINAL_podpisy.pdf,9c5c6814df7e32ccd723407cb6be8d68,
Table,47559f05737bb484a0e79c493071b7f4,Bakalářský studijní program Forma studia Místo studia Předpokládaný počet Podniková ekonomika a management Prezenční Plzeň 250 Podniková ekonomika a management Kombinovaná Plzeň 50 Marketingové řízení Prezenční Plzeň 150 Projektové řízení Prezenční Plzeň 90 Informační management Prezenční Plzeň 50 Ekonomická a regionální geografie Prezenční Plzeň 90 Marketingové řízení Prezenční Cheb 60 Podniková ekonomika a management Prezenční Cheb 60 Podniková ekonomika a management Kombinovaná Cheb 50,application/pdf,['ces'],6,FEK-Vyhl_6DV_2023_Prijimani_Bc_FEK-2024_FINAL_podpisy.pdf,9c5c6814df7e32ccd723407cb6be8d68,"<table><thead><th>Bakalářský studijní program</th><th>Forma studia</th><th>ÍŽŽÍZ;</th><th>ŽŽĚŽ, okládaný</th></thead><tr><td>Podniková ekonomika a management</td><td>Prezenční</td><td>Plzeň</td><td>250</td></tr><tr><td>Podniková ekonomika a management</td><td>Kombinovaná |</td><td>Plzeň</td><td>50</td></tr><tr><td>Marketingové řízení</td><td>Prezenční</td><td>Plzeň</td><td>150</td></tr><tr><td>Projektové řízení</td><td>Prezenční</td><td>Plzeň</td><td>90</td></tr><tr><td>Informační management</td><td>Prezenční</td><td>Plzeň</td><td>50</td></tr><tr><td>Ekonomická a regionální geografie</td><td>Prezenční</td><td>Plzeň</td><td>90</td></tr><tr><td>Marketingové řízení</td><td>Prezenční</td><td>Cheb</td><td>60</td></tr><tr><td>Podniková ekonomika a management</td><td>Prezenční</td><td>Cheb</td><td>60</td></tr><tr><td>Podniková ekonomika a management</td><td>Kombinovaná</td><td>| Cheb</td><td>50</td></tr></table>"
ListItem,4f5239eb609918eeb117f68a07d99a78,2. Celkový počet přijímaných uchazečů do jednotlivých programů vychází z kapacitních možností FEK a ZČU.,application/pdf,['ces'],6,FEK-Vyhl_6DV_2023_Prijimani_Bc_FEK-2024_FINAL_podpisy.pdf,9c5c6814df7e32ccd723407cb6be8d68,
ListItem,7f2d489af3c8ec71fb2f7b4fea9cc660,"3. Fakulta si vyhrazuje možnost realizovat druhé kolo přijímacího řízení. V případě, že bude druhé kolo vyhlášeno, bude příslušná vyhláška zveřejněna na úřední desce fakulty nejpozději do 30. 6. 2024.",application/pdf,['ces'],6,FEK-Vyhl_6DV_2023_Prijimani_Bc_FEK-2024_FINAL_podpisy.pdf,9c5c6814df7e32ccd723407cb6be8d68,
ListItem,c981534347db1a2332b7b3dd57ed262f,"4. Výhrada zrušení přijímacího řízení: Fakulta si vyhrazuje právo přijímací řízení do studijního programu Podniková ekonomika a management (prezenční forma studia, místo studia Cheb), nebo Marketingové řízení (prezenční forma studia, místo studia Cheb) v případě počtu přihlášek menšího než je předpokládaný počet přijímaných uchazečů zrušit. Toto rozhodnutí fakulta učiní bezprostředně po termínu pro podávání přihlášek. Informace o tomto rozhodnutí bude zveřejněna na https://fek.zcu.cz/uchazec a uchazeči o něm budou informováni e-mailem. Jeden studijní program v prezenční formě studia bude v místě Cheb určitě otevřen. Poplatek za přijímací řízení se nevrací. Uchazeč má v případě zrušení přijímacího řízení do daného studijního programu právo změny přihlášky a výběru jiného studijního programu ve stejném místě studia v termínu do 10. 6. 2024.",application/pdf,['ces'],6,FEK-Vyhl_6DV_2023_Prijimani_Bc_FEK-2024_FINAL_podpisy.pdf,9c5c6814df7e32ccd723407cb6be8d68,
Title,8e320987830bb98bfa13619c01298b9b,čl. 9 – Informace o průběhu a výsledku přijímacího řízení,application/pdf,['ces'],6,FEK-Vyhl_6DV_2023_Prijimani_Bc_FEK-2024_FINAL_podpisy.pdf,,
ListItem,97f23a260a5f9573e0a4dca9b5f4767a,"1. Uchazeč může sledovat informace o průběhu svého přijímacího řízení na adrese https://zcu.cz/study/applicants/prijimaci-rizeni (po zadání svého univerzitního čísla, které je uchazeči přiděleno při podání elektronické přihlášky).",application/pdf,['ces'],6,FEK-Vyhl_6DV_2023_Prijimani_Bc_FEK-2024_FINAL_podpisy.pdf,8e320987830bb98bfa13619c01298b9b,
UncategorizedText,e7f6c011776e8db7cd330b54174fd76f,6,application/pdf,['ces'],6,FEK-Vyhl_6DV_2023_Prijimani_Bc_FEK-2024_FINAL_podpisy.pdf,8e320987830bb98bfa13619c01298b9b,
Image,ab7b2d9253cc483d868adf2edb59e50c,"čl. 10 — Informace o ubytování 1. Fakulta má k dispozici lůžka pro studenty prezenční formy studia v ubytovacím zařízení v budově fakulty v Chebu a ve studentských kolejích v Plzni v rámci kapacitních možností univerzity. čl. 11 — Zápis do studia 1. Zápisy uchazečů přijatých do studia probíhají v termínech stanovených fakultou. U zápisu je nutná osobní účast. Omluva je možná pouze ze závažných důvodů, které je nutné doložit. Informace o termínu zápisu bude zveřejněna na https://fek.zcu.cz/uchazec a uchazeči budou informování e-mailem. čl. 12 — Kontakty pro uchazeče o studium 1. Informace pro uchazeče o bakalářské studium v Plzni a v Chebu: fek.zeu.cz/uchazec Studijní referenti pro přijímací řízení v Plzni a Chebu: Tomáš Kasík, Kateřina Hráchová Tel.: +420 377 633 010, +420 377 633 018 e-mail: fek(dservice.zeu.cz Adresa pro zaslání dokumentů dle čl. 6a: Západočeská univerzita v Plzni Fakulta ekonomická Studijní oddělení Univerzitní 22 306 14 Plzeň Na tuto adresu zasílají dokumenty všichni uchazeči (včetně těch, kteří podali přihlášku ke studiu na studijní programy s místem studia v Chebu). Plzeň, 29. listopadu 2023 / — hduedtl Ing. Pavlína Hejduková, Ph.D. doc. In, ichaela Krechovská, Ph.D. předsedkýně AS FEK ZČU děkanka FEK ZČU Příloha č. 1 Potvrzení o úrovni dosaženého zahraničního vzdělání / Confirmation of the level of forcign education attained",application/pdf,['ces'],7,FEK-Vyhl_6DV_2023_Prijimani_Bc_FEK-2024_FINAL_podpisy.pdf,,
Image,82b7ed5da7488d067003849af62a9de8,"Informace o termínu zápisu bude zveřejněna na https://fek.zcu.cz/uchazec budou informování e-mailem. čl. 12 — Kontakty pro uchazeče o studium pro uchazeče o bakalářské studium v Plzni a v Chebu: fek.zeu.cz/uchazec referenti pro přijímací řízení v Plzni a Chebu: Tomáš Kasík, Kateřina 377 633 010, +420 377 633 018 fek(dservice.zeu.cz",application/pdf,['ces'],7,FEK-Vyhl_6DV_2023_Prijimani_Bc_FEK-2024_FINAL_podpisy.pdf,,
Image,de3ddde9f4acbe91298313c5b0dcecd8,"o termínu zápisu bude zveřejněna na informování e-mailem. čl. 12 — Kontakty pro uchazeče o studium o bakalářské studium v Plzni a v Chebu: přijímací řízení v Plzni a Chebu: Tomáš Kasík, Kateřina 010, +420 377 633 018",application/pdf,['ces'],7,FEK-Vyhl_6DV_2023_Prijimani_Bc_FEK-2024_FINAL_podpisy.pdf,,
Image,9a63fcb7757f174d9a64090a7af1af12,"Příloha č. 1 ) ZÁPADOČESKÁ UNIVERZITA ; V PLZNI Potvrzení o úrovni dosaženého zahraničního vzdělání Confirmation of the level of foreign education attained ASkola / univerzita / ministerstvo / zastupitelský úřad School / university / ministry / representative office Působící ve státě/operating in the state potvrzuje, že dosažené vzdělání, potyrzené dokumentem certifies that the reached education certified by the document opravňuje / allows příjmení, jméno / surname, name datum narození / birth date trvalé bydliště / permanent residence ucházet se o přijetí ke studiu v / apply for a study in EI bakalářském studijním D navazujícím magisterském D doktorském studijním programu/ studijním programu/ programu/ bachelor study program master study program doctoral study program v zemi původu zahraničního vzdělání/in the country of origin of the foreign education Potvrzení je vydáno (kým) / The certificate is issued by (whom) příjmení, jméno / surname, name pozice / position datum / date podpis / signature razítko / stamp",application/pdf,['ces'],8,FEK-Vyhl_6DV_2023_Prijimani_Bc_FEK-2024_FINAL_podpisy.pdf,,
Image,9a63fcb7757f174d9a64090a7af1af12,"Příloha č. 1 ) ZÁPADOČESKÁ UNIVERZITA ; V PLZNI Potvrzení o úrovni dosaženého zahraničního vzdělání Confirmation of the level of foreign education attained ASkola / univerzita / ministerstvo / zastupitelský úřad School / university / ministry / representative office Působící ve státě/operating in the state potvrzuje, že dosažené vzdělání, potyrzené dokumentem certifies that the reached education certified by the document opravňuje / allows příjmení, jméno / surname, name datum narození / birth date trvalé bydliště / permanent residence ucházet se o přijetí ke studiu v / apply for a study in EI bakalářském studijním D navazujícím magisterském D doktorském studijním programu/ studijním programu/ programu/ bachelor study program master study program doctoral study program v zemi původu zahraničního vzdělání/in the country of origin of the foreign education Potvrzení je vydáno (kým) / The certificate is issued by (whom) příjmení, jméno / surname, name pozice / position datum / date podpis / signature razítko / stamp",application/pdf,['ces'],8,FEK-Vyhl_6DV_2023_Prijimani_Bc_FEK-2024_FINAL_podpisy.pdf,,
Table,929b05ab7999e67a3ed1344912f92d54,"School / university / ministry / representative office Působící ve státě/operating in the state potvrzuje, že dosažené vzdělání, potyrzené dokumentem certifies that the reached education certified by the document opravňuje / allows příjmení, jméno / surname, name datum narození / birth date trvalé bydliště / permanent residence ucházet se o přijetí ke studiu v / apply for a study in EI bakalářském studijním D navazujícím magisterském D doktorském studijním programu/ studijním programu/ programu/ bachelor study program master study program doctoral study program v zemi původu zahraničního vzdělání/in the country of origin of the foreign education Potvrzení je vydáno (kým) / The certificate is issued by (whom) příjmení, jméno / surname, name pozice / position datum / date podpis / signature razítko / stamp",application/pdf,['ces'],8,FEK-Vyhl_6DV_2023_Prijimani_Bc_FEK-2024_FINAL_podpisy.pdf,,"<table><thead><th>School / university / ministry /</th><th>representative office</th><th></th><th></th></thead><thead><th>Působící ve státě/operating in</th><th>the state</th><th></th><th></th></thead><tr><td colspan=""4"">potvrzuje, že dosažené vzdělání, potyrzené dokumentem certifies that the reached education certified by the document</td></tr><tr><td colspan=""4"">opravňuje / allows příjmení, jméno /</td></tr><tr><td colspan=""4"">surname, name</td></tr><tr><td colspan=""4"">datum narození / birth date</td></tr><tr><td>trvalé bydliště / permanent</td><td>residence</td><td></td><td></td></tr><tr><td>ucházet se o přijetí ke studiu v /</td><td>apply for a study</td><td>in</td><td></td></tr><tr><td>EI bakalářském studijním programu/ bachelor study program</td><td>D navazujícím studijním master study</td><td>magisterském programu/ program</td><td>D doktorském studijním programu/ doctoral study program</td></tr><tr><td>v zemi původu zahraničního</td><td>vzdělání/in the country</td><td>of origin of the</td><td>foreign education</td></tr><tr><td colspan=""4"">Potvrzenl je vydáno (kým) / The certlflcate is issued by (whom)</td></tr><tr><td>příjmení, jméno / surname, name</td><td></td><td>pozice / position</td><td></td></tr><tr><td>datum /</td><td>date</td><td></td><td></td></tr><tr><td>podpis / signature</td><td></td><td></td><td>razítko / stamp</td></tr></table>"
